Order_ID,Distance_km,Weather,Traffic_Level,Time_of_Day,Vehicle_Type,Preparation_Time_min,Courier_Experience_yrs,Delivery_Time_min
522,7.93,4,1,0,2,12,1.0,43
738,16.42,0,2,1,0,20,2.0,84
741,9.52,1,1,3,2,28,1.0,59
661,7.44,2,2,0,2,5,1.0,37
412,19.03,0,1,2,0,16,5.0,68
679,19.4,0,1,1,2,8,9.0,57
627,9.52,0,1,2,0,12,1.0,49
514,17.39,0,2,1,2,5,6.0,46
860,1.78,3,1,1,1,20,6.0,35
137,10.62,1,1,1,2,29,1.0,73
812,16.86,3,2,0,1,13,4.0,88
77,15.54,0,1,3,0,29,1.0,76
637,10.89,0,0,3,0,12,5.0,53
974,4.69,2,2,1,2,12,7.0,36
939,2.8,0,0,2,2,10,5.0,33
900,2.17,3,1,1,1,15,3.0,35
281,17.86,2,1,0,0,5,1.0,50
884,2.53,3,1,2,0,6,8.0,24
762,6.58,1,1,1,1,6,7.0,27
320,5.38,0,2,1,2,26,1.0,47
550,15.56,2,1,0,2,28,0.0,72
175,13.08,2,1,2,1,16,4.0,58
372,0.86,0,0,0,0,26,5.0,37
528,5.83,0,0,1,1,27,9.0,56
211,11.2,0,2,2,0,23,5.0,73
236,14.59,0,2,2,0,15,6.0,64
102,12.91,4,2,1,0,11,6.0,56
987,13.92,3,1,2,2,18,4.0,70
903,4.04,3,1,3,0,11,9.0,70
948,18.05,0,2,1,2,10,7.0,123
347,12.88,0,2,2,2,8,5.0,52
140,19.45,2,0,2,2,20,6.0,108
622,4.58,0,0,2,2,22,9.0,45
500,19.73,1,2,1,0,27,4.0,111
371,2.47,4,2,2,0,27,2.0,44
199,17.8,3,2,2,0,16,9.0,73
688,5.96,0,2,0,0,22,7.0,45
585,12.85,4,2,0,2,18,7.0,61
902,1.02,0,2,0,0,25,4.0,34
60,6.84,2,2,3,1,14,8.0,47
329,8.68,2,2,2,0,8,5.0,52
97,10.69,0,2,3,0,25,9.0,67
313,0.99,0,2,1,0,15,5.0,32
975,1.11,0,1,2,0,5,6.0,8
300,2.16,3,1,1,2,15,0.0,36
278,13.17,4,2,0,0,16,4.0,67
925,8.79,3,1,3,0,14,6.0,43
602,5.93,0,1,0,2,19,3.0,36
440,2.09,2,1,3,0,23,2.0,36
838,7.57,0,1,2,0,21,0.0,56
571,10.52,2,2,0,2,8,4.0,56
880,4.83,2,1,2,1,25,9.0,47
262,19.81,3,2,0,1,20,5.0,104
579,10.1,2,1,1,1,8,4.0,50
24,7.64,4,1,0,1,10,8.0,31
31,12.35,0,1,2,2,10,6.0,35
618,5.9,2,1,1,1,26,9.0,44
11,0.9,0,1,0,0,20,8.0,23
222,11.58,0,2,2,2,16,2.0,61
821,16.16,0,0,0,0,11,1.0,82
297,15.51,0,1,1,0,17,9.0,69
55,12.16,4,0,1,2,11,0.0,69
543,4.96,2,0,2,0,21,0.0,60
210,3.64,4,0,1,0,17,6.0,40
605,2.85,0,1,2,2,26,0.0,38
693,10.4,0,1,1,0,16,4.0,52
663,12.31,4,1,2,0,29,4.0,68
867,3.53,0,2,0,0,13,7.0,31
71,15.56,0,2,1,0,14,3.0,54
544,13.6,0,2,0,0,27,0.0,87
108,15.23,3,0,2,0,5,0.0,62
494,4.17,0,1,1,2,5,1.0,22
591,3.21,2,0,3,2,16,0.0,42
742,6.38,3,1,1,0,16,1.0,111
293,16.54,2,1,0,2,6,7.0,51
290,12.02,0,1,2,1,9,7.0,41
653,11.94,0,1,1,0,20,3.0,69
40,9.08,0,1,0,2,14,5.0,49
590,3.46,3,2,2,2,23,3.0,48
308,6.8,1,2,2,2,13,7.0,46
680,17.38,2,2,0,2,11,2.0,92
67,3.25,0,1,2,0,23,7.0,32
276,10.28,0,2,1,2,29,3.0,71
68,16.14,0,1,3,1,6,9.0,65
319,3.55,0,2,1,0,23,0.0,43
549,10.65,0,2,0,2,23,8.0,58
999,19.03,0,1,0,1,26,5.0,68
715,7.3,0,1,3,2,14,7.0,28
754,7.03,0,1,1,2,21,1.0,44
328,12.43,3,1,0,1,12,0.0,70
383,12.76,4,0,2,2,27,5.0,74
452,11.39,2,0,1,2,14,1.0,72
523,19.41,0,1,2,1,7,3.0,48
219,13.17,2,0,1,2,17,8.0,69
788,8.32,2,1,0,1,12,2.0,49
437,1.92,0,1,2,0,8,7.0,14
765,1.15,0,1,0,2,26,4.0,30
89,17.8,4,0,0,1,12,9.0,73
64,7.46,0,2,1,0,8,5.0,42
827,7.25,0,2,0,2,18,4.0,45
717,16.7,0,2,0,2,28,1.0,76
352,17.2,2,0,0,2,14,2.0,94
937,0.86,0,2,0,1,21,7.0,28
257,18.76,0,2,1,1,15,2.0,80
636,9.22,0,2,0,1,18,9.0,57
645,2.84,0,1,1,2,24,2.0,35
555,17.59,0,1,2,0,24,6.0,69
960,14.89,3,0,2,2,17,6.0,87
169,1.3,0,2,1,0,22,4.0,31
918,18.99,2,0,0,0,10,6.0,70
529,1.6,1,1,3,2,24,5.0,37
824,8.26,3,1,0,0,15,1.0,57
986,10.16,0,0,3,0,12,5.0,52
817,12.03,0,2,2,1,20,5.0,65
87,14.73,2,1,0,0,24,6.0,74
433,12.56,0,0,1,0,17,5.0,69
185,5.53,0,2,0,0,19,1.0,44
979,10.18,1,2,2,0,25,3.0,73
535,15.5,0,2,2,2,28,9.0,91
295,2.98,1,2,3,0,11,2.0,27
893,16.69,1,2,1,2,8,2.0,65
426,11.22,4,0,1,0,25,5.0,79
714,8.53,0,1,1,2,8,2.0,41
261,12.49,0,2,2,0,25,4.0,77
238,0.97,0,1,3,2,24,8.0,26
560,12.6,4,2,0,1,8,6.0,58
584,6.91,0,2,1,2,28,9.0,56
446,18.97,0,1,1,1,25,4.0,141
868,4.05,0,2,1,0,20,5.0,44
801,14.29,4,2,2,0,14,7.0,78
600,1.3,1,1,1,0,19,5.0,29
850,12.11,2,1,2,0,9,5.0,59
266,14.94,0,2,2,0,11,0.0,62
996,2.29,2,0,0,1,8,8.0,80
530,17.36,2,0,0,0,24,1.0,105
56,18.48,0,2,3,0,8,0.0,82
121,16.25,1,0,2,0,10,5.0,91
216,5.13,0,1,2,1,15,4.0,30
26,15.81,0,1,2,1,25,1.0,92
73,0.61,0,1,0,2,10,0.0,16
45,5.55,1,0,1,0,18,1.0,116
248,19.35,0,0,2,0,12,7.0,75
722,4.03,0,2,1,0,9,5.0,25
282,7.09,3,1,2,2,13,8.0,37
894,8.25,0,2,0,0,7,9.0,28
915,11.26,0,1,3,0,5,6.0,49
811,19.7,2,1,1,0,10,2.0,60
245,0.8,3,0,1,0,14,9.0,36
823,7.0,2,2,1,0,17,9.0,49
322,14.43,0,2,2,1,14,4.0,113
644,6.89,2,2,0,0,11,6.0,43
159,5.13,1,2,1,1,25,1.0,60
978,1.5,0,1,0,0,10,1.0,17
430,2.78,0,0,0,2,9,0.0,41
942,11.31,0,2,1,0,7,0.0,54
463,15.05,0,2,1,1,12,2.0,66
310,5.78,1,1,0,2,9,9.0,33
698,11.83,0,1,1,2,9,7.0,32
61,8.08,1,1,2,0,25,2.0,61
885,16.1,0,1,1,0,25,0.0,64
596,9.74,2,2,1,2,7,8.0,37
768,17.6,0,1,0,0,27,3.0,69
650,10.22,3,2,3,0,18,1.0,68
651,2.19,0,1,1,0,26,3.0,32
866,11.41,4,2,0,2,17,4.0,68
669,4.14,0,2,2,2,14,2.0,30
299,12.65,2,1,0,0,18,8.0,60
690,4.15,0,2,2,1,17,8.0,46
315,16.8,0,0,2,1,19,4.0,85
311,9.06,0,2,1,0,23,4.0,47
362,13.04,0,2,2,2,20,6.0,65
480,10.7,0,2,0,2,8,5.0,44
111,6.15,1,1,1,2,26,5.0,48
990,16.47,3,0,1,2,20,9.0,75
487,1.39,0,2,0,0,15,4.0,24
364,11.14,2,2,2,2,7,3.0,47
255,3.81,2,0,0,0,5,6.0,31
260,2.39,2,2,1,0,27,7.0,43
803,11.74,0,0,1,1,6,3.0,54
678,8.26,0,1,2,1,21,4.0,80
495,9.54,2,2,1,2,11,5.0,47
671,3.88,0,2,2,0,16,2.0,35
378,0.95,2,2,2,1,27,0.0,44
527,8.59,0,1,3,2,17,8.0,36
846,8.59,0,1,1,0,22,2.0,43
138,14.21,0,2,1,0,24,5.0,58
356,13.03,1,1,2,2,9,1.0,50
366,8.03,0,1,1,2,14,8.0,42
943,13.2,3,1,2,1,14,3.0,62
750,12.67,0,2,1,1,10,3.0,65
949,17.54,0,2,2,1,16,8.0,54
830,9.32,0,1,2,2,6,5.0,30
657,6.03,2,0,0,1,8,6.0,46
200,15.71,0,1,0,2,28,5.0,69
214,4.87,3,0,1,0,16,7.0,54
409,18.15,2,0,2,0,22,7.0,108
333,0.78,0,2,2,0,6,1.0,17
209,0.6,0,1,0,0,26,3.0,30
614,2.09,0,2,1,0,5,5.0,16
79,7.49,0,2,2,2,13,9.0,45
30,1.41,1,2,1,0,15,0.0,72
536,18.92,0,0,2,2,27,4.0,100
696,12.41,0,2,2,1,10,1.0,51
558,1.06,0,1,0,2,19,6.0,21
837,18.34,0,0,3,0,9,4.0,92
597,13.52,0,1,2,2,27,1.0,82
166,16.79,1,0,0,0,24,6.0,85
919,15.39,0,2,1,2,24,5.0,89
496,7.39,2,2,2,2,25,6.0,60
825,10.98,2,1,2,2,10,6.0,55
66,11.08,3,2,2,0,9,0.0,57
142,5.41,0,2,3,0,14,5.0,36
926,0.94,0,0,2,0,9,6.0,21
828,7.27,4,1,0,0,10,5.0,35
656,2.99,4,2,2,0,27,5.0,41
332,15.28,3,1,1,0,16,5.0,72
665,2.48,4,2,0,1,14,6.0,27
250,17.13,2,1,1,1,19,1.0,71
908,7.17,0,1,0,0,15,7.0,32
709,5.47,2,1,2,1,21,6.0,38
306,19.53,1,1,0,0,11,6.0,87
735,7.5,0,0,2,0,29,1.0,66
976,5.61,4,1,3,0,25,9.0,48
50,4.1,0,1,2,0,21,3.0,37
897,6.22,2,2,2,0,15,0.0,49
3,14.77,0,0,2,2,11,6.0,67
545,12.55,4,1,1,0,13,8.0,51
351,10.31,1,2,2,2,19,5.0,62
905,8.72,3,2,1,1,18,7.0,64
537,17.07,0,2,2,0,20,6.0,73
345,8.27,0,0,0,2,13,5.0,58
995,7.54,3,1,0,0,20,5.0,55
482,14.07,0,0,0,0,5,8.0,67
576,19.02,0,2,0,0,29,9.0,87
34,19.0,0,0,2,1,28,3.0,96
32,3.83,2,2,0,0,12,9.0,30
232,10.3,0,1,1,2,19,8.0,48
964,8.09,0,0,0,2,15,4.0,51
193,18.06,0,2,3,0,9,8.0,52
334,2.76,4,2,2,2,8,5.0,22
4,12.17,3,1,1,0,20,8.0,68
205,12.33,0,2,1,0,22,9.0,75
515,1.38,0,2,1,2,5,8.0,13
800,18.49,0,1,0,2,14,6.0,71
307,10.57,3,1,0,0,28,9.0,59
110,2.0,0,0,1,2,10,2.0,30
431,3.29,0,2,0,2,17,4.0,32
78,1.94,2,2,2,0,16,0.0,35
85,6.56,4,2,2,0,14,1.0,47
287,9.58,0,0,0,1,26,8.0,60
83,6.95,0,2,2,2,25,2.0,58
992,14.05,0,0,2,2,19,0.0,72
790,18.97,2,0,3,0,20,8.0,108
895,13.53,2,1,1,0,28,8.0,78
399,15.14,2,2,2,0,8,6.0,66
324,5.96,0,1,0,0,26,6.0,48
520,3.43,4,2,2,0,7,6.0,23
917,6.24,0,2,1,0,15,3.0,52
923,17.94,2,0,1,2,22,6.0,85
6,3.54,2,2,1,0,10,5.0,32
732,16.38,2,2,3,0,7,5.0,90
466,7.81,0,1,1,0,11,4.0,42
98,8.84,0,2,2,0,26,0.0,57
267,14.09,0,2,0,2,12,3.0,55
358,11.92,0,1,0,2,14,4.0,46
869,17.3,0,1,1,2,9,0.0,67
799,14.08,0,0,2,0,28,6.0,66
381,2.8,0,0,0,0,28,1.0,50
632,17.96,0,2,2,0,22,2.0,76
382,14.09,0,0,0,0,12,6.0,67
491,9.39,0,1,2,0,14,2.0,37
119,17.9,0,1,2,0,23,5.0,85
901,4.55,2,1,0,0,5,6.0,21
251,6.24,3,1,0,0,20,4.0,51
524,16.92,0,1,2,2,29,0.0,70
10,14.31,0,2,2,0,9,8.0,47
197,14.66,4,2,2,0,20,2.0,77
604,2.23,0,1,2,0,7,6.0,14
82,12.65,0,1,1,0,15,4.0,66
784,7.24,2,2,1,0,28,6.0,65
588,3.01,0,2,1,0,14,4.0,26
798,11.52,0,2,2,2,25,2.0,58
240,3.95,0,1,0,0,13,5.0,25
291,1.09,0,2,2,2,6,2.0,17
212,13.99,0,0,1,2,7,3.0,96
718,19.32,2,0,2,1,21,7.0,112
360,11.72,2,1,1,0,11,9.0,42
450,2.13,2,1,2,2,9,2.0,22
228,8.17,0,2,0,2,20,9.0,44
951,12.21,0,0,2,0,9,4.0,57
947,3.17,0,2,1,2,17,6.0,33
797,18.68,3,1,0,0,11,8.0,62
502,10.95,0,2,1,2,24,4.0,55
465,19.26,4,2,2,2,21,6.0,67
363,9.44,2,2,1,2,28,8.0,63
469,4.86,1,2,1,1,25,4.0,52
936,5.81,1,1,0,0,25,8.0,51
429,7.34,2,1,1,0,22,8.0,47
8,17.39,1,2,2,0,25,4.0,100
156,5.22,3,1,1,0,11,9.0,40
542,12.32,0,2,1,2,17,4.0,71
441,2.15,4,2,0,1,17,6.0,30
483,9.36,2,0,2,2,17,2.0,65
423,2.28,0,2,1,2,27,9.0,39
779,14.54,0,2,1,0,29,2.0,73
950,12.15,0,0,2,1,12,6.0,63
335,1.4,4,1,1,0,9,9.0,17
577,3.37,0,0,2,0,9,5.0,28
935,3.85,2,2,0,0,26,3.0,46
568,9.03,0,1,2,0,11,5.0,43
595,17.99,3,1,0,0,15,3.0,63
531,16.35,0,2,2,0,16,0.0,66
582,19.61,0,0,1,0,8,6.0,72
708,16.29,0,1,2,0,20,1.0,72
449,7.84,4,1,0,0,6,4.0,28
454,18.17,2,1,0,1,13,0.0,71
229,17.89,4,1,2,0,27,1.0,101
353,13.34,0,2,3,0,20,6.0,53
729,4.43,1,1,2,2,10,1.0,63
213,13.21,0,2,2,2,12,4.0,63
80,2.76,4,2,3,0,6,2.0,27
149,1.5,1,2,1,2,15,4.0,32
303,11.04,0,2,0,2,8,2.0,54
629,1.22,0,2,1,2,6,5.0,14
778,14.58,0,1,0,0,13,5.0,57
507,18.26,2,0,3,2,28,7.0,93
343,3.88,1,1,1,1,27,9.0,42
486,18.07,0,0,0,2,5,2.0,67
712,12.11,0,2,1,0,28,0.0,75
134,7.08,0,2,0,2,5,8.0,27
704,3.12,2,1,1,2,14,5.0,28
312,2.03,1,0,1,1,14,4.0,36
723,1.8,0,2,3,0,14,1.0,28
630,5.42,0,1,1,2,11,9.0,26
1,7.8,0,1,1,2,23,5.0,52
317,8.47,2,1,0,2,19,0.0,48
707,6.79,2,1,1,2,16,1.0,39
548,13.6,2,2,0,2,23,6.0,83
873,13.06,2,0,2,0,17,8.0,59
533,19.93,3,1,0,0,6,6.0,59
478,11.3,3,2,0,0,15,8.0,70
405,6.74,2,2,1,1,21,9.0,47
173,10.49,2,1,2,0,28,9.0,66
126,8.83,0,2,1,2,12,3.0,109
395,7.15,0,0,3,1,29,7.0,60
421,15.94,0,1,1,0,24,2.0,77
553,11.26,1,0,0,0,14,2.0,70
904,11.87,0,2,2,0,10,6.0,43
91,2.83,4,2,0,2,14,6.0,28
940,11.74,0,1,0,1,20,1.0,52
182,2.71,0,1,2,2,6,1.0,20
275,10.47,0,0,1,2,14,7.0,55
896,4.5,3,0,1,0,24,0.0,66
70,19.74,0,1,2,1,21,7.0,71
292,1.23,0,1,1,0,18,6.0,21
132,4.83,0,1,1,0,11,1.0,29
301,1.51,0,0,0,0,14,2.0,32
425,1.62,4,1,1,0,9,8.0,16
327,11.31,0,0,1,0,20,0.0,67
145,6.05,0,2,2,1,24,0.0,48
424,10.14,0,2,2,2,20,1.0,59
581,9.45,0,1,0,1,13,0.0,49
136,6.8,0,0,1,0,28,5.0,55
451,15.65,0,1,0,0,27,0.0,76
165,2.26,0,2,2,2,6,3.0,19
29,12.05,0,1,1,2,29,4.0,61
774,8.25,4,2,1,1,24,4.0,62
194,12.85,2,2,0,2,23,0.0,80
389,15.14,4,2,2,0,15,4.0,71
853,4.59,1,1,1,2,19,8.0,36
170,12.02,0,1,0,0,26,0.0,63
706,19.8,0,0,1,0,7,3.0,88
141,19.27,1,0,0,0,14,6.0,92
174,4.92,0,0,2,2,12,0.0,41
7,1.63,2,2,3,0,24,5.0,38
746,18.04,0,2,2,0,8,5.0,71
479,19.4,3,2,0,2,23,9.0,92
74,16.4,0,0,2,2,12,2.0,70
911,12.01,0,1,2,1,5,7.0,42
814,18.46,0,2,2,2,29,1.0,153
239,13.09,4,1,2,2,17,1.0,69
146,1.22,1,0,0,2,14,2.0,38
793,10.36,2,2,0,0,7,8.0,39
235,4.31,2,2,0,0,9,2.0,35
221,13.32,4,2,0,0,26,0.0,71
924,16.1,0,1,2,1,16,6.0,61
501,14.11,2,0,2,2,24,3.0,93
133,2.84,0,2,3,2,28,1.0,44
991,16.09,3,1,2,1,13,6.0,69
775,16.05,3,2,1,0,11,2.0,89
186,13.37,4,0,0,2,17,8.0,63
42,10.16,3,2,3,0,10,1.0,67
697,6.13,0,2,3,2,22,0.0,48
109,4.96,2,1,0,1,10,7.0,28
589,3.0,0,1,2,2,29,1.0,43
57,2.23,3,2,1,1,14,0.0,41
406,17.96,0,2,1,2,26,0.0,74
443,7.8,2,2,2,0,11,7.0,49
758,10.9,0,0,0,2,6,8.0,47
998,3.17,0,1,0,0,17,1.0,28
25,9.39,4,2,2,2,21,9.0,50
468,17.44,0,1,1,0,25,9.0,89
540,3.02,2,2,2,0,23,1.0,46
532,19.99,2,0,1,0,17,1.0,112
619,16.22,2,0,1,0,22,0.0,102
695,2.74,0,0,0,0,18,9.0,37
927,5.74,2,0,1,0,13,9.0,46
339,9.75,0,1,0,0,22,7.0,50
52,15.62,2,2,0,2,23,7.0,78
508,16.54,2,2,0,0,25,7.0,77
517,7.84,2,1,2,2,7,8.0,36
921,17.44,0,1,3,1,23,0.0,85
782,11.08,4,0,0,0,16,6.0,70
265,17.61,0,2,1,2,21,9.0,79
818,8.28,3,1,1,1,29,7.0,58
711,15.32,0,2,2,0,17,6.0,80
683,3.83,2,1,1,1,27,3.0,49
833,3.25,2,2,1,2,29,0.0,51
519,19.75,0,2,2,0,25,1.0,103
448,15.19,1,1,1,2,6,4.0,53
19,8.92,4,2,2,0,25,4.0,62
716,18.63,4,1,0,0,11,5.0,85
484,12.74,0,1,3,2,18,0.0,67
569,18.13,2,0,1,0,21,2.0,88
434,2.47,2,1,0,1,22,6.0,34
368,18.15,4,2,2,0,11,2.0,89
84,1.74,1,0,0,2,8,9.0,28
62,5.79,4,2,2,0,26,6.0,49
639,5.75,4,0,2,2,7,4.0,37
273,17.41,3,2,1,0,20,4.0,80
286,1.2,2,1,2,2,24,7.0,33
361,8.07,4,1,1,0,21,4.0,48
355,1.88,0,2,2,2,24,7.0,35
457,0.72,2,2,0,2,9,2.0,23
279,14.19,0,2,0,0,9,1.0,57
13,16.73,4,0,0,2,9,7.0,71
183,18.53,2,1,0,2,8,8.0,57
369,4.32,0,1,2,0,21,9.0,34
882,13.6,1,0,1,0,9,7.0,61
616,18.46,2,1,2,0,19,9.0,94
224,7.67,4,1,2,1,9,2.0,31
573,8.23,3,1,1,0,17,3.0,56
971,13.44,0,1,3,0,29,0.0,63
654,15.04,0,1,2,1,24,5.0,60
546,7.48,0,2,2,1,21,4.0,52
583,10.11,2,2,0,2,23,2.0,63
634,10.88,3,1,0,1,13,3.0,52
177,13.97,3,1,1,2,14,8.0,52
666,3.48,1,1,0,2,9,1.0,31
674,10.73,1,1,2,0,6,6.0,35
586,5.18,0,2,0,1,9,2.0,30
874,8.47,1,2,1,0,24,0.0,68
394,15.64,2,1,2,0,20,4.0,141
164,10.95,3,2,0,0,9,1.0,65
249,19.29,4,2,1,2,7,8.0,84
635,2.59,4,2,2,0,13,5.0,28
886,3.98,0,0,3,1,19,3.0,41
670,6.06,1,1,0,2,10,8.0,41
376,6.72,1,1,1,0,8,5.0,31
413,19.04,0,2,2,2,27,2.0,85
75,14.28,4,0,0,2,23,5.0,77
114,16.26,2,0,2,0,16,6.0,70
599,4.25,0,1,0,0,5,4.0,22
962,12.26,0,1,0,0,20,2.0,66
391,19.81,0,1,0,0,27,1.0,74
105,18.2,4,2,2,0,27,1.0,108
115,12.85,2,2,2,2,14,8.0,73
418,6.91,0,1,1,0,27,8.0,91
526,9.64,0,1,2,0,10,5.0,46
458,9.64,2,2,1,0,14,6.0,52
410,2.28,1,2,2,2,27,6.0,44
93,15.34,2,1,0,0,18,6.0,54
931,3.22,2,2,3,0,14,8.0,34
90,9.71,0,1,2,0,8,1.0,49
337,17.18,0,2,3,2,13,1.0,62
989,5.3,0,2,0,2,29,3.0,47
922,10.0,0,2,0,2,6,9.0,47
934,10.75,2,2,2,0,8,6.0,60
606,9.49,2,2,2,1,23,6.0,53
594,7.24,0,2,0,0,28,7.0,57
612,16.09,2,1,2,0,21,8.0,66
95,15.53,0,1,2,0,26,6.0,83
12,19.41,4,1,2,0,11,8.0,62
397,17.24,0,1,1,0,17,5.0,69
534,11.33,0,1,2,0,25,3.0,60
44,18.23,2,1,0,2,27,9.0,86
43,1.17,0,2,2,0,16,9.0,25
330,5.33,0,1,1,1,29,1.0,51
168,4.14,2,1,2,0,23,2.0,41
498,2.02,0,0,1,0,28,5.0,44
877,14.46,2,2,2,2,11,9.0,68
598,3.86,0,2,0,0,21,8.0,34
757,12.59,4,2,2,0,13,9.0,62
101,1.11,0,0,2,2,22,8.0,35
427,9.11,0,1,0,0,19,6.0,42
179,18.77,3,2,1,0,24,0.0,115
445,16.35,1,2,3,0,16,6.0,67
417,6.22,0,1,0,0,16,9.0,29
871,7.78,1,0,0,0,25,3.0,74
883,0.88,2,1,3,1,27,2.0,37
681,16.43,0,1,1,0,13,5.0,56
178,8.04,0,2,1,1,27,0.0,65
396,18.65,1,1,3,1,19,2.0,68
912,5.73,1,1,2,2,7,2.0,30
794,12.42,2,1,1,0,28,9.0,79
961,2.11,0,1,0,2,28,5.0,34
685,18.62,0,1,1,2,27,6.0,75
384,17.61,0,2,2,2,19,3.0,80
957,10.62,2,2,3,0,7,2.0,48
752,18.83,0,2,3,0,8,0.0,68
258,14.07,0,2,2,0,16,9.0,73
539,9.29,0,2,1,0,10,9.0,40
336,1.29,2,1,1,0,7,7.0,15
16,4.08,4,2,0,0,7,0.0,33
325,19.12,4,0,1,1,8,0.0,92
759,17.93,0,2,0,0,29,4.0,85
223,2.33,0,1,2,1,6,1.0,17
180,3.18,2,2,1,0,21,3.0,42
984,1.97,0,0,2,1,28,7.0,43
23,6.2,4,0,1,2,7,3.0,42
357,1.02,4,0,1,0,6,8.0,21
667,5.3,0,1,1,0,16,5.0,32
862,9.34,2,1,1,1,10,0.0,40
341,10.09,0,2,1,0,7,0.0,49
432,15.35,2,0,3,2,23,9.0,80
552,17.12,2,1,2,0,26,3.0,86
834,3.94,3,1,0,0,19,3.0,43
204,18.02,0,2,1,1,12,3.0,77
631,14.41,3,2,1,0,8,8.0,75
94,11.44,2,2,1,1,20,2.0,57
559,15.23,1,1,2,1,6,0.0,52
69,1.95,0,1,2,2,16,2.0,23
623,7.72,2,2,2,0,11,5.0,36
285,11.78,0,1,0,2,26,3.0,71
845,3.4,4,2,2,0,11,6.0,30
435,2.14,0,0,1,0,18,3.0,34
154,10.04,2,0,0,0,12,9.0,59
76,14.72,0,2,1,2,15,8.0,80
731,3.7,0,2,2,0,28,7.0,45
447,19.73,2,1,1,0,8,8.0,64
189,10.83,0,2,1,2,8,9.0,51
272,16.3,1,1,2,1,12,1.0,100
237,5.98,1,0,2,0,14,6.0,44
488,5.98,2,0,2,0,21,2.0,60
118,4.14,1,2,2,0,21,0.0,46
944,16.68,0,2,0,0,9,9.0,63
513,18.69,4,2,3,0,23,9.0,74
826,18.44,2,0,2,0,27,7.0,80
592,13.0,4,0,2,0,22,8.0,65
127,16.45,0,2,1,2,25,3.0,87
117,16.17,0,2,1,1,10,2.0,116
474,17.88,0,2,1,0,29,3.0,98
694,5.23,0,2,2,2,19,4.0,37
58,4.32,0,2,2,0,17,4.0,36
864,9.09,2,2,2,0,6,7.0,43
913,12.67,4,2,2,2,7,3.0,43
370,1.85,0,2,1,0,10,1.0,24
269,7.51,2,1,1,1,27,6.0,50
47,6.58,0,1,0,0,13,1.0,34
350,12.7,0,1,2,2,22,2.0,57
196,7.31,1,2,0,0,26,2.0,65
1000,9.2,0,0,2,2,9,9.0,48
835,10.22,1,1,0,2,21,0.0,61
737,8.15,0,0,1,2,12,9.0,43
264,10.61,0,2,2,0,17,0.0,59
444,7.73,0,0,3,0,29,5.0,58
676,19.66,0,1,2,1,19,6.0,70
305,14.66,3,0,2,1,5,6.0,71
342,9.73,0,1,0,0,29,6.0,60
967,14.52,0,2,0,1,26,5.0,86
150,5.93,1,0,2,2,27,1.0,106
125,4.94,2,0,1,2,28,4.0,63
787,11.88,2,0,0,1,29,9.0,78
51,19.41,1,2,2,1,7,6.0,66
354,3.68,0,0,0,1,16,6.0,47
928,11.06,0,0,1,0,6,9.0,53
143,10.2,2,2,0,0,18,9.0,56
471,0.74,2,1,2,1,13,4.0,21
400,15.21,3,2,0,0,20,9.0,90
626,7.69,2,0,2,2,16,3.0,58
321,11.21,0,0,0,2,23,1.0,76
20,6.18,0,2,1,0,9,9.0,35
810,2.71,0,2,2,1,6,5.0,19
791,3.49,0,2,2,0,17,2.0,38
809,9.29,0,2,2,0,17,2.0,49
408,0.71,1,1,3,0,29,1.0,41
538,5.32,2,1,0,2,27,2.0,48
621,4.1,0,2,1,1,18,3.0,38
39,13.84,0,1,2,2,18,5.0,64
176,3.9,2,0,2,1,25,9.0,54
246,18.6,2,2,2,1,28,9.0,77
829,14.88,3,2,1,0,10,0.0,64
668,3.63,4,2,2,1,22,9.0,39
755,3.22,4,0,2,1,7,7.0,27
859,11.51,1,1,0,1,5,7.0,57
155,19.72,2,1,0,0,27,6.0,109
288,11.08,0,1,1,2,28,2.0,58
603,3.95,0,2,2,1,28,5.0,47
570,7.29,0,0,1,1,11,7.0,48
744,10.3,0,1,2,1,12,7.0,41
18,10.73,2,0,0,1,27,6.0,83
128,17.28,0,1,2,1,28,3.0,72
323,13.37,1,2,1,2,16,9.0,71
256,11.36,0,2,2,2,8,2.0,52
658,7.58,0,0,0,2,19,9.0,57
965,6.13,2,0,2,0,25,6.0,59
191,2.32,0,1,0,2,23,1.0,32
116,17.49,2,1,1,0,27,9.0,97
617,1.69,4,2,0,1,11,7.0,20
607,4.52,0,1,1,1,17,0.0,71
181,7.15,4,1,2,0,15,3.0,42
302,10.86,4,2,2,1,10,4.0,60
760,15.88,2,1,1,1,17,1.0,68
713,9.7,3,1,1,0,6,5.0,45
724,14.95,0,2,2,0,13,7.0,49
686,11.36,1,1,0,0,6,4.0,47
980,12.14,1,0,0,0,12,0.0,65
518,16.31,1,2,0,1,14,7.0,71
985,14.7,0,2,1,2,24,5.0,75
46,13.42,2,2,1,0,6,6.0,105
910,7.9,0,1,0,2,22,5.0,48
158,15.35,1,1,2,1,5,3.0,56
852,15.12,1,1,2,0,14,1.0,58
172,0.82,4,1,2,1,18,9.0,23
17,6.43,0,1,1,1,9,7.0,26
512,8.66,3,0,2,0,29,3.0,77
49,11.16,1,2,0,1,21,4.0,77
972,18.77,1,1,0,1,15,5.0,71
941,5.84,0,2,1,0,21,7.0,35
516,1.01,0,0,3,0,17,7.0,29
953,3.92,2,2,3,0,20,9.0,41
481,12.77,1,1,2,0,22,8.0,71
284,2.33,0,1,1,0,9,2.0,18
719,2.92,4,0,0,0,24,4.0,48
878,13.35,2,1,1,2,14,4.0,91
226,5.26,2,2,1,2,28,8.0,51
27,4.39,1,2,3,0,12,8.0,38
955,8.67,4,0,2,0,20,4.0,55
438,16.53,3,1,0,2,24,9.0,99
952,13.47,0,2,1,0,19,4.0,59
365,18.86,3,2,3,0,18,1.0,89
230,12.81,0,1,2,0,12,2.0,51
38,2.4,3,1,3,2,27,5.0,42
966,7.44,2,2,1,0,6,1.0,39
375,1.89,0,2,1,2,13,7.0,22
470,19.28,3,2,2,1,21,3.0,101
968,6.29,0,2,2,2,10,7.0,27
851,1.81,0,2,0,1,23,3.0,34
705,1.74,0,2,3,0,23,2.0,34
842,13.44,0,2,2,1,22,1.0,79
195,7.11,0,1,0,2,27,5.0,48
855,4.5,4,1,1,2,20,6.0,32
865,8.31,4,2,2,0,6,5.0,44
504,16.37,0,0,2,0,26,7.0,97
970,9.78,0,2,0,0,18,3.0,58
831,4.88,4,2,0,2,26,7.0,48
580,5.54,2,2,2,2,28,9.0,51
969,11.54,0,0,0,1,10,0.0,56
163,12.85,0,1,0,2,5,5.0,54
909,5.56,0,1,0,2,19,5.0,31
153,3.33,0,2,1,2,24,2.0,44
802,3.47,3,0,3,0,24,9.0,53
994,12.01,0,1,2,2,26,6.0,57
756,15.98,1,1,2,1,21,6.0,90
112,3.64,0,1,2,2,16,3.0,26
227,19.47,0,1,2,0,16,8.0,83
689,15.51,2,2,2,2,10,8.0,81
104,10.42,4,2,0,0,28,3.0,72
422,15.9,2,1,1,1,19,5.0,78
420,15.17,4,1,2,0,25,4.0,77
751,2.78,2,1,2,0,21,4.0,37
587,1.98,2,1,0,0,22,0.0,39
781,14.03,0,1,0,0,17,2.0,65
673,2.06,1,2,1,2,22,4.0,40
120,11.02,0,0,2,2,22,2.0,70
54,17.95,3,0,2,2,16,5.0,96
152,5.17,1,1,2,0,29,0.0,56
404,16.62,3,1,0,0,26,8.0,94
946,0.71,2,1,2,1,25,8.0,31
208,13.44,0,2,1,2,9,5.0,55
659,13.1,0,1,1,0,28,2.0,72
844,19.24,2,0,0,0,9,7.0,75
763,5.35,0,2,0,2,24,6.0,43
9,12.22,0,1,1,2,15,0.0,56
808,18.55,0,1,0,1,11,9.0,69
37,6.44,0,1,0,1,18,2.0,43
453,8.77,1,2,1,1,14,7.0,49
652,10.97,0,1,0,2,27,3.0,51
254,6.68,0,0,2,2,10,5.0,44
304,12.93,2,1,0,2,25,0.0,61
747,7.99,0,2,1,0,18,4.0,42
572,15.78,0,0,0,2,12,1.0,68
624,9.95,4,0,1,2,21,5.0,72
733,13.47,2,1,0,2,7,6.0,46
892,17.19,0,2,0,0,11,8.0,76
263,3.23,0,0,0,0,17,9.0,33
611,1.27,1,0,0,0,25,9.0,46
298,4.71,0,1,2,0,20,6.0,31
415,12.82,2,2,1,0,28,9.0,72
151,18.21,0,1,1,0,6,3.0,74
789,9.51,0,0,2,0,26,9.0,63
641,0.89,2,1,2,1,9,0.0,20
890,5.24,4,0,0,2,26,8.0,51
551,10.64,4,1,1,1,11,9.0,36
887,13.23,0,2,3,0,20,8.0,70
489,19.03,0,2,2,2,8,8.0,65
148,10.3,2,1,1,0,29,0.0,73
147,12.39,3,2,1,0,14,8.0,56
721,18.8,0,0,0,0,23,7.0,95
932,16.78,2,2,2,0,22,1.0,70
740,7.85,0,1,0,2,7,9.0,34
660,11.63,0,2,3,2,29,7.0,57
349,7.8,4,2,0,1,17,6.0,44
464,11.88,2,2,0,0,5,1.0,63
326,14.89,0,0,1,1,22,9.0,88
187,16.44,2,0,0,0,12,5.0,86
124,2.65,0,2,0,1,14,4.0,35
854,18.01,1,0,3,0,14,2.0,71
609,10.32,0,2,3,1,24,5.0,49
144,6.37,2,1,0,1,29,4.0,56
959,3.74,2,1,2,0,19,6.0,36
198,17.99,4,0,1,0,5,1.0,73
610,13.96,2,1,3,0,5,1.0,42
280,16.02,0,1,1,0,20,7.0,61
294,7.52,0,2,0,1,17,9.0,44
401,2.51,0,1,2,0,16,2.0,28
123,6.7,1,0,2,2,23,3.0,59
184,17.61,4,1,2,0,5,8.0,61
203,3.65,0,2,2,0,29,9.0,46
439,14.27,0,2,3,1,24,3.0,77
247,8.85,0,1,0,0,11,9.0,45
416,9.24,4,2,0,0,8,2.0,49
933,19.7,2,1,1,1,16,6.0,66
766,11.61,0,0,2,1,19,1.0,67
907,16.44,4,0,0,1,8,0.0,80
836,8.67,2,0,0,0,12,7.0,104
888,5.14,0,2,1,2,23,7.0,43
130,10.46,0,2,1,0,25,3.0,68
638,5.23,0,2,2,2,23,2.0,47
403,10.35,0,2,3,0,7,9.0,48
785,4.04,2,0,1,0,14,6.0,39
771,2.66,0,1,0,0,16,8.0,21
736,17.61,1,2,0,0,9,5.0,74
914,8.48,0,0,3,0,11,5.0,39
220,17.06,0,1,1,0,9,9.0,66
642,6.78,1,1,3,0,18,6.0,42
916,9.0,3,2,0,1,29,3.0,78
753,12.74,0,1,0,2,12,0.0,63
807,18.72,2,2,0,0,17,0.0,89
920,3.23,0,1,2,0,7,7.0,14
625,12.56,0,1,2,1,22,8.0,49
875,1.0,3,2,2,0,28,0.0,51
761,3.46,0,1,2,0,24,6.0,37
387,6.0,3,1,2,1,20,8.0,53
973,14.79,0,2,2,2,12,9.0,64
510,14.65,3,0,2,1,19,3.0,95
268,14.2,0,2,0,0,17,1.0,73
820,7.04,0,1,0,0,11,8.0,38
442,19.74,0,2,0,1,16,1.0,98
497,11.88,2,2,1,0,20,8.0,69
113,18.63,0,1,1,0,26,8.0,75
692,8.8,2,2,0,0,6,2.0,38
233,11.75,0,0,2,0,9,2.0,55
870,18.95,3,1,2,1,27,0.0,92
608,7.6,1,1,2,0,16,4.0,48
672,17.99,1,1,2,1,11,2.0,84
374,13.82,0,2,1,0,21,9.0,72
982,15.53,1,1,1,0,26,7.0,68
843,3.97,0,0,0,0,19,8.0,40
234,10.1,0,0,2,1,17,6.0,55
786,18.21,1,1,2,0,5,1.0,70
677,2.68,0,1,2,0,16,8.0,25
318,3.88,3,1,2,0,9,6.0,33
649,15.89,3,2,0,1,15,9.0,91
411,6.73,0,2,0,0,21,1.0,54
899,0.75,0,2,0,0,10,5.0,16
710,13.79,2,1,3,2,11,0.0,69
359,18.83,0,2,1,2,5,8.0,69
259,11.62,0,1,0,0,9,8.0,33
745,5.03,0,2,2,0,17,5.0,38
628,15.08,2,2,1,2,26,1.0,94
633,10.48,2,1,0,1,10,7.0,45
283,7.82,2,2,1,0,16,8.0,45
377,16.98,0,1,2,0,11,6.0,78
385,14.83,2,1,2,1,19,4.0,126
225,5.67,0,1,2,2,11,9.0,27
954,18.33,3,2,2,2,5,5.0,67
815,17.46,0,2,2,2,6,5.0,62
473,1.34,1,0,1,0,9,5.0,30
348,1.38,0,1,2,2,13,9.0,17
506,3.67,0,1,2,0,9,0.0,26
640,7.86,4,2,2,1,22,2.0,55
988,8.98,0,2,0,2,22,8.0,105
929,12.85,2,2,1,2,6,7.0,61
906,17.91,0,1,0,0,6,7.0,68
620,15.09,3,1,2,1,20,7.0,68
856,4.22,0,2,2,0,16,7.0,35
804,12.33,0,0,3,0,7,2.0,101
646,17.87,3,1,2,2,29,4.0,87
847,2.16,0,2,3,1,10,1.0,23
557,3.11,2,2,2,2,21,1.0,43
958,1.42,0,0,0,2,24,2.0,40
578,18.57,2,2,0,0,16,7.0,89
796,17.51,0,2,1,0,15,3.0,60
86,6.84,0,2,1,0,25,1.0,51
243,18.34,3,2,0,2,22,5.0,91
699,3.51,4,2,3,0,22,2.0,44
160,14.7,0,2,2,2,6,2.0,58
525,16.85,0,0,2,1,17,4.0,71
36,16.26,2,1,2,1,27,5.0,66
541,19.1,3,2,2,0,25,6.0,90
171,13.71,2,2,1,0,22,9.0,64
655,8.92,0,2,2,0,10,1.0,51
891,14.58,0,1,1,0,23,0.0,70
858,9.71,0,1,0,1,27,5.0,61
848,19.94,0,1,0,0,26,6.0,83
945,4.53,3,2,2,2,18,4.0,49
734,10.7,0,0,0,1,8,4.0,57
96,10.13,0,2,1,0,22,0.0,65
564,0.78,0,1,0,0,11,0.0,18
241,18.84,1,2,0,2,25,8.0,88
743,15.08,3,1,1,0,29,7.0,84
575,17.32,0,1,1,2,10,3.0,77
691,6.81,0,2,1,0,23,2.0,47
461,2.79,0,0,2,0,23,7.0,38
554,11.44,1,0,0,1,14,4.0,74
889,2.44,3,0,1,0,13,9.0,39
207,2.48,2,1,1,2,20,8.0,30
393,7.75,0,2,1,2,21,1.0,55
795,0.85,0,2,2,0,9,8.0,17
398,8.87,0,1,1,0,19,3.0,55
767,15.37,3,2,0,1,15,5.0,66
849,10.29,1,2,1,2,25,4.0,67
218,15.06,2,1,2,0,22,4.0,65
5,3.54,1,1,2,0,23,7.0,37
769,7.17,0,2,2,2,7,9.0,29
643,4.62,2,2,0,1,8,3.0,33
930,5.53,0,1,2,1,10,8.0,27
613,12.74,2,1,0,0,17,9.0,63
739,9.06,0,0,1,0,26,3.0,61
547,2.71,1,1,2,0,6,0.0,28
726,16.92,0,1,3,0,23,5.0,78
684,13.54,1,1,2,0,11,1.0,54
99,1.0,3,2,2,0,25,4.0,44
805,8.77,0,2,2,1,12,2.0,42
728,16.01,4,1,2,1,28,0.0,84
574,12.63,1,2,3,2,8,8.0,49
407,8.09,1,1,1,1,22,2.0,56
503,6.54,0,2,3,0,10,7.0,39
48,10.64,0,2,0,2,14,5.0,45
33,1.77,0,2,1,0,14,9.0,22
780,13.0,1,1,1,0,25,7.0,77
840,12.83,0,1,1,0,5,8.0,50
201,13.02,3,0,0,1,6,9.0,65
135,18.89,2,2,2,2,22,1.0,74
28,10.53,1,0,1,0,25,8.0,72
881,5.01,2,1,0,0,10,5.0,31
231,16.0,1,2,0,2,13,3.0,65
490,17.86,0,1,0,2,16,8.0,83
773,2.99,1,0,0,0,9,5.0,90
379,16.38,0,2,2,0,6,2.0,51
289,6.09,0,2,3,0,7,4.0,27
419,13.61,0,1,2,0,26,0.0,66
675,8.5,3,0,1,0,14,7.0,56
392,8.55,0,1,1,2,28,8.0,46
593,4.05,0,2,0,2,21,5.0,39
499,19.5,0,0,2,0,18,2.0,73
139,7.59,0,2,0,2,16,3.0,37
63,16.66,3,0,0,2,29,7.0,95
472,19.41,3,0,1,1,21,3.0,100
648,13.74,1,2,0,0,6,1.0,56
129,0.64,0,0,3,0,10,3.0,24
977,12.1,0,0,0,0,11,0.0,53
521,12.09,0,2,2,1,13,1.0,60
839,11.82,4,2,3,0,24,7.0,77
963,5.28,1,1,2,0,27,6.0,53
65,5.98,0,1,1,1,22,9.0,35
813,2.93,0,2,2,0,24,8.0,94
15,4.05,3,2,1,2,19,2.0,50
157,13.61,0,1,2,2,12,2.0,43
41,2.88,2,2,2,1,16,4.0,41
493,5.91,0,2,1,2,29,4.0,57
380,6.0,2,2,1,2,21,2.0,47
188,11.33,0,2,0,2,29,7.0,77
764,15.01,0,2,2,0,15,6.0,64
217,6.85,0,0,2,0,16,5.0,48
792,11.93,3,0,2,1,7,1.0,75
53,18.82,4,1,2,1,5,3.0,77
879,1.03,0,2,0,0,19,4.0,29
338,14.22,2,2,1,1,25,8.0,84
749,18.18,3,0,2,0,17,3.0,85
720,14.75,0,1,2,1,10,7.0,62
725,11.7,2,1,0,0,17,5.0,60
296,10.68,0,1,2,0,14,1.0,42
702,1.51,0,0,1,0,26,1.0,44
252,8.01,0,0,2,0,8,6.0,48
727,3.23,2,1,2,1,25,7.0,42
462,13.16,2,0,2,2,25,8.0,68
456,10.11,4,1,2,0,11,4.0,44
997,18.39,4,1,0,0,24,6.0,74
816,10.62,4,2,0,1,22,5.0,54
863,10.73,0,2,0,0,7,5.0,57
270,6.23,0,2,1,1,20,1.0,51
202,2.14,0,1,0,0,25,1.0,36
162,12.83,0,2,2,0,19,2.0,76
556,8.37,0,0,1,2,13,7.0,42
730,3.69,2,2,0,0,8,8.0,27
402,18.1,0,1,2,2,8,5.0,77
703,7.06,0,1,0,2,26,5.0,51
477,1.94,1,1,3,0,10,1.0,25
822,0.59,0,1,0,0,21,0.0,27
772,17.01,3,1,3,0,28,6.0,97
106,5.36,0,1,0,2,11,4.0,30
566,12.0,0,1,1,1,25,0.0,75
390,16.23,0,2,1,0,6,0.0,54
2,19.04,2,1,1,1,12,6.0,60
938,18.33,1,2,2,2,19,0.0,98
983,2.58,0,2,2,2,25,7.0,37
562,4.65,0,2,1,0,21,1.0,46
81,17.33,3,1,1,2,12,3.0,79
206,0.68,3,0,1,0,29,8.0,50
35,19.33,0,2,2,0,7,8.0,73
776,3.42,0,2,3,1,11,9.0,24
509,19.02,2,0,1,2,22,1.0,106
428,17.81,4,0,1,0,21,4.0,122
455,2.67,0,2,3,1,17,6.0,28
367,19.24,3,1,2,0,26,1.0,114
92,14.41,2,2,3,0,16,6.0,85
340,2.41,0,2,1,0,15,9.0,25
898,17.98,0,1,1,0,5,8.0,45
565,7.34,1,2,0,0,22,5.0,93
346,12.51,0,2,1,0,18,5.0,62
777,4.97,2,1,1,0,17,9.0,34
242,19.1,3,1,0,0,18,1.0,101
14,4.64,0,1,0,0,15,9.0,24
316,14.07,2,1,1,0,10,5.0,63
601,3.79,0,2,2,0,13,2.0,34
388,3.96,0,2,0,0,23,5.0,44
274,18.31,0,2,0,0,25,3.0,79
167,6.76,1,2,3,0,7,6.0,42
841,0.76,0,1,0,1,26,9.0,28
993,5.81,2,2,1,0,14,8.0,41
647,12.08,0,0,0,2,16,4.0,60
819,1.57,2,1,1,1,16,1.0,30
485,11.89,0,2,0,0,28,0.0,79
981,7.02,0,2,1,1,23,2.0,53
505,13.85,0,1,1,0,29,5.0,71
832,9.32,2,2,1,2,24,2.0,71
244,7.72,1,0,1,0,19,4.0,64
567,8.15,2,1,0,0,26,2.0,50
876,3.54,2,2,0,2,17,4.0,41
563,3.16,3,1,2,1,9,5.0,27
687,11.65,4,1,3,0,10,3.0,53
190,5.22,3,2,2,2,14,3.0,43
783,5.41,0,0,2,2,17,6.0,38
700,9.88,2,2,2,1,7,0.0,43
476,19.86,2,0,1,0,12,8.0,71
682,5.53,4,0,2,0,23,4.0,59
511,12.46,1,1,0,0,10,1.0,62
59,1.38,0,2,2,1,6,3.0,17
475,10.79,0,2,1,2,24,1.0,65
561,14.23,0,2,0,2,23,7.0,70
857,1.21,3,1,0,0,22,1.0,39
748,11.1,0,1,0,0,18,7.0,56
253,17.1,0,2,1,0,25,5.0,65
22,3.22,0,2,0,0,19,9.0,32
314,19.27,1,2,2,1,29,9.0,85
460,2.82,2,2,1,2,10,1.0,29
161,7.67,1,2,0,2,22,8.0,59
277,16.07,0,2,1,0,16,5.0,64
956,7.97,4,2,1,2,9,8.0,35
192,18.0,2,0,3,1,22,5.0,98
386,16.17,0,2,1,2,12,2.0,78
806,14.86,0,0,3,2,15,4.0,91
414,11.68,0,2,0,2,25,7.0,70
492,12.59,0,1,1,2,10,2.0,39
344,8.96,3,2,2,1,6,5.0,51
770,16.51,0,2,2,0,7,1.0,79
309,16.01,0,1,0,1,12,4.0,72
662,19.74,2,0,0,2,11,7.0,81
131,8.64,3,1,1,0,29,4.0,62
664,5.13,0,2,2,1,16,1.0,38
872,5.78,0,0,2,0,11,5.0,38
100,2.6,0,1,0,0,16,1.0,29
373,2.34,1,2,2,0,8,2.0,28
88,12.93,0,2,2,2,20,8.0,58
459,1.6,0,2,1,0,14,8.0,24
331,7.44,2,1,1,0,27,5.0,53
215,14.39,2,2,2,2,6,5.0,50
467,6.07,0,1,0,0,18,4.0,35
122,17.97,4,2,2,2,28,7.0,92
615,17.53,0,1,0,0,14,6.0,79
21,12.43,2,0,2,0,13,6.0,70
701,10.89,4,2,1,0,7,0.0,58
72,4.37,0,2,1,2,6,7.0,25
107,8.5,0,0,1,1,13,3.0,54
271,16.28,2,1,2,2,8,9.0,71
861,15.62,3,0,1,2,26,2.0,81
436,14.17,0,1,0,0,8,0.0,55
103,6.63,1,1,3,2,24,3.0,58
